email,subject,message
customer1@example.com,Regarding your offerings,Hi there! I'm interested in learning more about your product line. Can you please provide details about the nutritional value of your baby food products?
customer2@example.com,Inquiry about your services,Hello! I'm curious to know more about the services your business offers. Could you please explain the battery life and charging capabilities of your phone batteries?
customer3@example.com,Question about your company,Greetings! I've heard great things about your company and I'm wondering if your bicycles come with adjustable seat heights. Can you provide more information about this feature?
customer4@example.com,Seeking information,Good day! I'm conducting research on different businesses and I would appreciate it if you could provide specific details about the materials used in your baby food packaging.
customer5@example.com,Inquiry about your products,Hi! I'm specifically interested in your range of phone batteries. Can you tell me if they are compatible with both Android and iOS devices? 
customer6@example.com,Exploring partnership opportunities,Hello! I represent a local retail store and I'm interested in stocking your bicycles. Can you please provide information on wholesale pricing and minimum order quantities?
customer7@example.com,Question about your services,Good day! I'm considering using your repair services for bicycles. Can you let me know if you offer pick-up and drop-off options for repairs?
customer8@example.com,Looking for information,Hi there! I'm currently in the market for a new bike and I'd like to know if your company offers any customization options such as frame color and accessories.
customer9@example.com,Inquiry about your company,Hello! I'm conducting market research and I'm curious to know if your company uses sustainable and eco-friendly practices in the production of your baby food.
customer10@example.com,Interested in your offerings,Hi! I'm interested in your range of phone accessories. Can you provide specific details about the compatibility of your products with the latest smartphone models?
customer11@example.com,Question about your services,Greetings! I'm interested in your bike rental services. Can you please clarify if helmets and locks are included with the rental, or if they are available for an additional fee?
customer12@example.com,Inquiry about your company,Good day! I'm fascinated by your company's commitment to sustainability. Can you provide specific details about the steps you take to reduce your carbon footprint?
customer13@example.com,Seeking information,Hello! I'm looking to purchase baby food in bulk quantities for a nonprofit organization. Can you provide specific information about the shelf life and storage recommendations for your products?
customer14@example.com,Inquiry about your products,Hi there! I'm interested in your range of phone batteries. Can you tell me if they have built-in overcharge protection and short-circuit prevention mechanisms?
customer15@example.com,Exploring partnership opportunities,Greetings! I represent a local bike shop and I'm interested in becoming an authorized reseller of your bicycles. Can you provide specific details about the warranty and after-sales support you offer?
customer16@example.com,Question about your services,Good day! I'm considering using your bike rental services for an upcoming event. Can you let me know if you provide roadside assistance in case of emergencies?
customer17@example.com,Looking for information,Hello! I'm researching different companies and I'm interested in learning more about your manufacturing processes. Can you provide specific details about the quality control measures you have in place?
customer18@example.com,Inquiry about your company,Hi there! I'm curious to know if your company supports any charitable causes or community initiatives. Can you provide specific information about your corporate social responsibility programs?
customer19@example.com,Regarding your offerings,Hello! I'm interested in your range of baby food products. Can you please provide specific information about the organic certifications and sourcing of your ingredients?
customer20@example.com,Inquiry about your services,Greetings! I'm considering using your repair services for my bicycle. Can you provide specific details about the turnaround time for repairs and if you offer loaner bikes in the meantime?
customer21@example.com,Question about your company,Good day! I've heard great things about your company's commitment to safety. Can you provide specific details about the safety features incorporated into your bicycles?
customer22@example.com,Seeking information,Hi there! I'm conducting research on different baby food brands. Can you provide specific details about the flavors and textures available in your product range?
customer23@example.com,Inquiry about your products,Hello! I'm specifically interested in your range of phone batteries. Can you let me know if they are compatible with fast charging technologies such as Quick Charge or Power Delivery?
customer24@example.com,Exploring partnership opportunities,Greetings! I'm a blogger focusing on sustainable transportation options. Can you provide specific details about any partnerships or collaborations your company has engaged in to promote environmental sustainability?
customer25@example.com,Question about your services,Good day! I'm interested in your bike rental services. Can you clarify if you offer guided tours or have maps available for self-guided exploration?
customer26@example.com,Looking for information,Hello! I'm currently researching bicycle manufacturers and I'm interested in learning more about your company's design philosophy and the types of riders your bikes are intended for.
customer27@example.com,Inquiry about your company,Hi there! I'm curious to know if your company has won any awards for innovation in the baby food industry. Can you provide specific details about any accolades you have received?
customer28@example.com,Interested in your offerings,Hello! I'm interested in your range of phone accessories. Can you provide specific information about the warranty coverage and the process for returns or exchanges?
customer29@example.com,Question about your services,Greetings! I'm interested in using your repair services for my bicycle. Can you please provide specific details about the types of repairs you specialize in and if you offer on-site repairs?
customer30@example.com,Inquiry about your products,Good day! I'm specifically interested in your range of baby food products. Can you let me know if they are free from common allergens such as dairy, gluten, and nuts?
customer31@example.com,Seeking information,Hi! I'm looking to purchase a bicycle for long-distance touring. Can you provide specific details about the durability of your bikes and any features designed for touring purposes?
customer32@example.com,Inquiry about your company,Hello! I'm impressed by your company's commitment to social impact. Can you provide specific information about any initiatives you have undertaken to support underprivileged communities?
customer33@example.com,Exploring partnership opportunities,Greetings! I represent a fitness studio and I'm interested in partnering with your company to offer exclusive promotions to our members. Can you provide specific details about potential collaboration options?
customer34@example.com,Question about your services,Good day! I'm interested in your bike rental services. Can you please provide specific information about the rental rates, any additional charges, and the process for making reservations?
customer35@example.com,Looking for information,Hello! I'm conducting market research and I'm interested in learning more about your pricing strategy. Can you provide specific details about how you determine the prices for your products?
customer36@example.com,Inquiry about your company,Hi there! I'm curious to know if your company has been involved in any sustainability certifications or initiatives. Can you provide specific information about your eco-friendly practices?
customer37@example.com,Regarding your offerings,Hello! I'm interested in your range of baby food products. Can you please provide specific details about the recommended age range for each product and any developmental benefits they offer?
customer38@example.com,Inquiry about your services,Greetings! I'm considering using your repair services for my bicycle. Can you provide specific details about the qualifications and experience of your bike mechanics?
customer39@example.com,Question about your company,Good day! I'm fascinated by your company's mission. Can you provide specific information about the impact your business aims to create in the bicycle industry and beyond?
customer40@example.com,Seeking information,Hi there! I'm researching baby food brands for my newborn. Can you provide specific details about the safety standards and testing processes your products undergo?
customer41@example.com,Inquiry about your products,Hello! I'm interested in your range of phone batteries. Can you let me know if they have any built-in power-saving features to extend battery life?
customer42@example.com,Exploring partnership opportunities,Greetings! I'm a digital content creator and I'm interested in partnering with your company to promote your bicycles to my audience. Can you provide specific details about potential collaboration opportunities?
customer43@example.com,Question about your services,Good day! I'm interested in your bike rental services. Can you please provide specific details about the available bike sizes and if you offer accessories such as child seats or panniers?
customer44@example.com,Looking for information,Hello! I'm currently in the market for a new bicycle and I'd like to know if your company offers any financing options for customers.
customer45@example.com,Inquiry about your company,Hi there! I'm curious to know if your company has any initiatives in place to reduce waste and promote recycling. Can you provide specific details about your sustainability practices?
customer46@example.com,Interested in your offerings,Hello! I'm interested in your range of phone accessories. Can you provide specific information about the durability and quality of your products?
customer47@example.com,Question about your services,Greetings! I'm considering using your repair services for my bicycle. Can you please provide specific details about the average turnaround time for common repairs such as flat tire fixes?
customer48@example.com,Inquiry about your products,Good day! I'm specifically interested in your range of baby food products. Can you let me know if they are free from artificial colors, flavors, and preservatives?
customer49@example.com,Seeking information,Hi! I'm looking to purchase a bike for mountain biking. Can you provide specific details about the suspension system and the types of trails your bikes are suitable for?
customer50@example.com,Inquiry about your company,Hello! I'm conducting market research and I'm interested in learning more about your company's vision for the future. Can you provide specific details about your long-term goals and expansion plans?
